-- phpMyAdmin SQL Dump
-- version 5.2.1deb3
-- https://www.phpmyadmin.net/
--
-- Anamakine: localhost:3306
-- Üretim Zamanı: 15 Oca 2026, 18:29:38
-- Sunucu sürümü: 8.0.44-0ubuntu0.24.04.1
-- PHP Sürümü: 8.3.6

SET SQL_MODE = "NO_AUTO_VALUE_ON_ZERO";
START TRANSACTION;
SET time_zone = "+00:00";


/*!40101 SET @OLD_CHARACTER_SET_CLIENT=@@CHARACTER_SET_CLIENT */;
/*!40101 SET @OLD_CHARACTER_SET_RESULTS=@@CHARACTER_SET_RESULTS */;
/*!40101 SET @OLD_COLLATION_CONNECTION=@@COLLATION_CONNECTION */;
/*!40101 SET NAMES utf8mb4 */;

--
-- Veritabanı: `26_132430016`
--

-- --------------------------------------------------------

--
-- Tablo için tablo yapısı `departman`
--

CREATE TABLE `departman` (
  `departmanID` int NOT NULL,
  `departmanAD` varchar(330) NOT NULL,
  `departmanİLETİŞİM` varchar(30) NOT NULL,
  `departmanKAT` int DEFAULT NULL
) ENGINE=InnoDB DEFAULT CHARSET=utf8mb4 COLLATE=utf8mb4_0900_ai_ci;

--
-- Tablo döküm verisi `departman`
--

INSERT INTO `departman` (`departmanID`, `departmanAD`, `departmanİLETİŞİM`, `departmanKAT`) VALUES
(1, 'ybs', 'azad', 1);

-- --------------------------------------------------------

--
-- Tablo için tablo yapısı `Kategoriler`
--

CREATE TABLE `Kategoriler` (
  `id` int NOT NULL,
  `kategori_adi` varchar(50) NOT NULL
) ENGINE=InnoDB DEFAULT CHARSET=utf8mb4 COLLATE=utf8mb4_0900_ai_ci;

--
-- Tablo döküm verisi `Kategoriler`
--

INSERT INTO `Kategoriler` (`id`, `kategori_adi`) VALUES
(2, 'Yatak Odası'),
(3, 'Yemek Odası'),
(4, 'Çalışma Odası'),
(5, 'Aksesuar'),
(6, 'Koltuk Takımı'),
(7, 'TV Ünitesi'),
(8, 'Masa'),
(9, 'Sandalye'),
(10, 'Dolap'),
(11, 'Sehpa'),
(12, 'Bahçe Mobilyası'),
(13, 'Genç Odası');

-- --------------------------------------------------------

--
-- Tablo için tablo yapısı `Musteriler`
--

CREATE TABLE `Musteriler` (
  `id` int NOT NULL,
  `ad_soyad` varchar(100) NOT NULL,
  `telefon` varchar(20) NOT NULL,
  `adres` varchar(255) NOT NULL,
  `musteri_tipi` varchar(50) CHARACTER SET utf8mb4 COLLATE utf8mb4_0900_ai_ci NOT NULL
) ENGINE=InnoDB DEFAULT CHARSET=utf8mb4 COLLATE=utf8mb4_0900_ai_ci;

--
-- Tablo döküm verisi `Musteriler`
--

INSERT INTO `Musteriler` (`id`, `ad_soyad`, `telefon`, `adres`, `musteri_tipi`) VALUES
(14, 'Ahmet Yılmaz', '05324567801', 'Nilüfer / Bursa', 'Perakendeci'),
(15, 'Mehmet Kaya', '05324567802', 'Osmangazi / Bursa', 'Toptancı'),
(16, 'Ayşe Demir', '05324567803', 'Yıldırım / Bursa', 'Perakendeci'),
(17, 'Fatma Çelik', '05324567804', 'Nilüfer / Bursa', 'Perakendeci'),
(18, 'Ali Şahin', '05324567805', 'Mudanya / Bursa', 'Toptancı'),
(19, 'Zeynep Acar', '05324567806', 'Gemlik / Bursa', 'Perakendeci'),
(20, 'Mustafa Korkmaz', '05324567807', 'İnegöl / Bursa', 'Toptancı'),
(21, 'Elif Koç', '05324567808', 'Nilüfer / Bursa', 'Perakendeci'),
(22, 'Murat Arslan', '05324567809', 'Osmangazi / Bursa', 'Perakendeci'),
(23, 'Hakan Polat', '05324567810', 'Yıldırım / Bursa', 'Toptancı'),
(24, 'Seda Karaca', '05324567811', 'Nilüfer / Bursa', 'Perakendeci'),
(25, 'Burak Özdemir', '05324567812', 'Gürsu / Bursa', 'Toptancı'),
(26, 'Derya Uslu', '05324567813', 'Mudanya / Bursa', 'Perakendeci'),
(27, 'Emre Yıldız', '05324567814', 'Osmangazi / Bursa', 'Perakendeci'),
(28, 'Cem Tunç', '05324567815', 'İnegöl / Bursa', 'Toptancı'),
(29, 'Gamze Ergin', '05324567816', 'Nilüfer / Bursa', 'Perakendeci'),
(30, 'Onur Akın', '05324567817', 'Yıldırım / Bursa', 'Toptancı'),
(31, 'Büşra Kaplan', '05324567818', 'Gemlik / Bursa', 'Perakendeci'),
(32, 'Serkan Doğan', '05324567819', 'Osmangazi / Bursa', 'Toptancı'),
(33, 'Ece Yavuz', '05324567820', 'Nilüfer / Bursa', 'Perakendeci');

-- --------------------------------------------------------

--
-- Tablo için tablo yapısı `personel`
--

CREATE TABLE `personel` (
  `id` int NOT NULL,
  `ad` text NOT NULL,
  `eposta` text NOT NULL,
  `did` int NOT NULL
) ENGINE=InnoDB DEFAULT CHARSET=utf8mb4 COLLATE=utf8mb4_0900_ai_ci;

-- --------------------------------------------------------

--
-- Tablo için tablo yapısı `Satislar`
--

CREATE TABLE `Satislar` (
  `id` int NOT NULL,
  `urun_id` int NOT NULL,
  `musteri_id` int NOT NULL,
  `adet` int NOT NULL,
  `fiyat` decimal(18,0) NOT NULL,
  `tarih` datetime NOT NULL,
  `sube_id` int NOT NULL DEFAULT '1'
) ENGINE=InnoDB DEFAULT CHARSET=utf8mb4 COLLATE=utf8mb4_0900_ai_ci;

--
-- Tablo döküm verisi `Satislar`
--

INSERT INTO `Satislar` (`id`, `urun_id`, `musteri_id`, `adet`, `fiyat`, `tarih`, `sube_id`) VALUES
(17, 1, 1, 2, 18500, '2025-12-01 10:15:00', 1),
(18, 2, 2, 1, 42000, '2025-12-02 14:20:00', 2),
(19, 3, 3, 4, 9500, '2025-12-03 16:45:00', 3),
(20, 4, 1, 1, 38000, '2025-12-04 11:10:00', 4),
(21, 5, 4, 3, 12500, '2025-12-05 18:30:00', 1),
(22, 6, 5, 2, 21500, '2025-12-06 13:00:00', 2),
(23, 7, 2, 1, 56000, '2025-12-07 15:40:00', 3),
(24, 8, 6, 5, 8200, '2025-12-08 12:25:00', 4),
(25, 9, 7, 2, 19500, '2025-12-09 17:50:00', 1),
(26, 10, 3, 1, 74000, '2025-12-10 19:10:00', 2),
(27, 2, 4, 2, 42000, '2025-12-12 10:00:00', 3),
(28, 3, 5, 3, 9500, '2025-12-13 14:45:00', 4),
(29, 1, 6, 1, 18500, '2025-12-14 16:20:00', 1),
(30, 5, 7, 4, 12500, '2025-12-15 11:30:00', 2),
(31, 6, 8, 2, 21500, '2025-12-16 13:15:00', 3),
(32, 4, 2, 1, 38000, '2025-12-17 18:40:00', 4),
(33, 7, 1, 3, 56000, '2025-12-18 15:00:00', 1),
(34, 8, 3, 2, 8200, '2025-12-19 12:10:00', 2),
(35, 9, 4, 1, 19500, '2025-12-20 17:55:00', 3),
(36, 10, 5, 2, 74000, '2025-12-21 19:30:00', 4),
(37, 1, 2, 3, 18500, '2026-01-02 10:40:00', 1),
(38, 2, 3, 1, 42000, '2026-01-03 14:10:00', 2),
(39, 3, 4, 2, 9500, '2026-01-04 16:00:00', 3),
(40, 4, 5, 1, 38000, '2026-01-05 11:50:00', 4),
(41, 5, 6, 5, 12500, '2026-01-06 18:20:00', 1),
(42, 6, 7, 2, 21500, '2026-01-07 13:35:00', 2),
(43, 7, 8, 1, 56000, '2026-01-08 15:15:00', 3),
(44, 8, 1, 4, 8200, '2026-01-09 12:45:00', 4),
(45, 9, 2, 2, 19500, '2026-01-10 17:25:00', 1),
(46, 10, 3, 1, 74000, '2026-01-11 19:00:00', 2),
(47, 16, 15, 2, 25990, '2026-01-15 18:15:44', 1),
(48, 30, 21, 1, 5790, '2026-01-15 18:15:56', 1),
(49, 34, 30, 2, 32990, '2026-01-15 18:16:12', 1),
(50, 52, 33, 1, 1290, '2026-01-15 18:16:25', 1),
(51, 58, 18, 1, 4190, '2026-01-15 18:16:37', 1),
(52, 72, 28, 1, 9990, '2026-01-15 18:16:47', 1),
(53, 97, 19, 1, 1290, '2026-01-15 18:16:59', 1),
(54, 76, 24, 2, 3190, '2026-01-15 18:17:09', 1),
(55, 48, 32, 5, 1890, '2025-11-25 21:28:05', 1),
(56, 43, 29, 1, 5790, '2026-01-04 09:13:05', 1),
(57, 76, 18, 5, 3190, '2025-11-14 12:09:05', 1),
(58, 88, 20, 5, 4990, '2025-12-29 07:35:05', 1),
(59, 60, 31, 4, 2100, '2025-12-14 14:39:05', 1),
(60, 28, 17, 2, 16990, '2025-12-30 00:16:05', 1),
(61, 67, 17, 3, 6490, '2025-10-21 18:54:06', 1),
(62, 103, 28, 2, 95, '2025-12-01 11:27:06', 1),
(63, 80, 17, 4, 2100, '2025-11-23 16:15:06', 1),
(64, 20, 27, 2, 9990, '2025-11-08 14:19:06', 1),
(65, 63, 25, 3, 1450, '2025-11-21 07:40:06', 1),
(66, 98, 31, 2, 390, '2025-12-16 17:14:06', 1),
(67, 78, 14, 3, 60, '2026-01-09 22:06:06', 1),
(68, 66, 27, 3, 1290, '2025-12-25 16:27:06', 1),
(69, 71, 33, 1, 12990, '2025-11-07 05:35:06', 1),
(70, 87, 33, 1, 1290, '2025-12-28 16:40:06', 1),
(71, 81, 29, 5, 1290, '2026-01-09 18:18:06', 1),
(72, 82, 27, 2, 3590, '2025-10-19 04:37:06', 1),
(73, 24, 20, 5, 18990, '2025-12-05 10:42:06', 1),
(74, 59, 33, 2, 2490, '2025-10-23 08:45:07', 1),
(75, 86, 30, 4, 15990, '2025-12-19 08:43:07', 1),
(76, 54, 27, 5, 4590, '2025-12-22 15:06:07', 1),
(77, 32, 15, 2, 490, '2025-12-01 11:34:07', 1),
(78, 22, 28, 5, 5890, '2025-10-25 11:17:07', 1),
(79, 30, 29, 1, 5790, '2025-12-11 13:18:07', 1),
(80, 58, 18, 3, 4190, '2025-12-09 10:47:07', 1),
(81, 91, 21, 2, 2190, '2026-01-16 04:45:07', 1),
(82, 20, 20, 5, 9990, '2026-01-09 18:21:07', 1),
(83, 57, 17, 1, 11490, '2025-12-25 20:13:07', 1),
(84, 70, 20, 1, 17500, '2025-11-21 13:33:07', 1),
(85, 28, 25, 5, 16990, '2026-01-10 17:02:07', 1),
(86, 101, 14, 3, 60, '2026-01-10 19:51:07', 1),
(87, 66, 16, 1, 1290, '2026-01-06 06:58:07', 1),
(88, 97, 17, 4, 1290, '2025-11-15 23:32:08', 1),
(89, 37, 32, 1, 10990, '2025-12-25 19:08:08', 1),
(90, 21, 33, 3, 6490, '2025-10-21 18:56:08', 1),
(91, 102, 31, 3, 1890, '2025-10-23 18:38:08', 1),
(92, 77, 23, 1, 4590, '2025-10-23 22:30:08', 1),
(93, 92, 20, 5, 27990, '2025-11-05 20:44:08', 1),
(94, 89, 26, 3, 11990, '2025-10-20 20:04:08', 1),
(95, 54, 23, 5, 4590, '2025-12-13 00:49:08', 1),
(96, 32, 30, 4, 490, '2025-10-25 01:12:08', 1),
(97, 55, 31, 2, 120, '2025-10-21 11:11:08', 1),
(98, 57, 33, 1, 11490, '2026-01-02 11:47:08', 1),
(99, 84, 28, 2, 70, '2026-01-06 15:48:08', 1),
(100, 54, 27, 3, 4590, '2025-11-24 05:02:08', 1),
(101, 96, 22, 5, 11990, '2025-12-17 19:54:09', 1),
(102, 67, 15, 1, 6490, '2025-10-22 22:37:09', 1),
(103, 75, 20, 2, 3490, '2025-12-11 22:08:09', 1),
(104, 87, 33, 5, 1290, '2025-12-02 15:19:09', 1),
(105, 37, 26, 5, 10990, '2025-11-27 19:04:09', 1),
(106, 27, 22, 2, 14990, '2025-12-09 01:50:09', 1),
(107, 89, 19, 3, 11990, '2025-12-27 12:54:09', 1),
(108, 102, 18, 1, 1890, '2026-01-11 00:54:09', 1),
(109, 57, 17, 4, 11490, '2025-12-26 22:59:09', 1),
(110, 27, 23, 1, 14990, '2025-12-17 07:08:09', 1),
(111, 69, 25, 3, 40, '2025-12-20 20:10:09', 1),
(112, 46, 33, 4, 3290, '2025-12-27 21:47:09', 1),
(113, 36, 21, 4, 10990, '2025-12-11 18:21:09', 1),
(114, 72, 15, 4, 9990, '2025-10-19 09:36:10', 1),
(115, 101, 15, 2, 60, '2025-12-01 11:30:10', 1),
(116, 61, 15, 2, 3890, '2025-12-05 06:34:10', 1),
(117, 58, 28, 3, 4190, '2025-11-03 05:25:10', 1),
(118, 62, 27, 2, 250, '2026-01-02 20:32:10', 1),
(119, 85, 28, 5, 35, '2025-11-26 20:20:10', 1),
(120, 51, 29, 1, 10990, '2025-12-11 13:22:10', 1),
(121, 65, 26, 5, 1790, '2026-01-14 12:16:10', 1),
(122, 48, 23, 4, 1890, '2025-11-22 17:27:10', 1),
(123, 51, 21, 1, 10990, '2025-11-23 10:09:10', 1),
(124, 57, 30, 4, 11490, '2025-12-01 06:26:10', 1),
(125, 47, 24, 4, 3990, '2025-11-19 18:47:10', 1),
(126, 97, 15, 4, 1290, '2026-01-11 05:52:10', 1),
(127, 25, 17, 1, 690, '2026-01-05 08:05:10', 1),
(128, 19, 30, 1, 12990, '2025-10-31 12:57:11', 1),
(129, 74, 29, 3, 5790, '2025-10-20 20:02:11', 1),
(130, 96, 29, 4, 11990, '2025-11-01 16:52:11', 1),
(131, 51, 22, 4, 10990, '2026-01-04 14:20:11', 1),
(132, 85, 20, 5, 35, '2026-01-02 01:44:11', 1),
(133, 18, 29, 1, 31990, '2025-10-20 02:18:11', 1),
(134, 92, 25, 3, 27990, '2025-12-19 22:29:11', 1),
(135, 65, 29, 4, 1790, '2025-11-19 18:53:11', 1),
(136, 56, 25, 3, 9800, '2025-10-20 20:07:11', 1),
(137, 69, 22, 5, 40, '2025-11-30 16:36:11', 1),
(138, 49, 31, 3, 290, '2025-12-21 18:56:11', 1),
(139, 57, 33, 1, 11490, '2025-10-31 12:58:11', 1),
(140, 29, 29, 5, 2990, '2025-10-25 10:13:11', 1),
(141, 76, 16, 5, 3190, '2025-11-03 23:07:11', 1),
(142, 66, 26, 4, 1290, '2026-01-15 22:41:12', 1),
(143, 52, 21, 5, 1290, '2025-12-15 22:20:12', 1),
(144, 99, 21, 3, 290, '2025-12-12 08:12:12', 1),
(145, 30, 21, 1, 5790, '2025-12-07 18:08:12', 1),
(146, 42, 22, 2, 4990, '2025-11-20 22:41:12', 1),
(147, 45, 14, 1, 2190, '2025-10-29 16:31:12', 1),
(148, 47, 33, 5, 3990, '2025-12-20 17:31:12', 1),
(149, 30, 33, 3, 5790, '2025-11-01 06:42:12', 1),
(150, 98, 17, 3, 390, '2025-12-18 00:56:12', 1),
(151, 101, 29, 1, 60, '2025-10-19 04:34:12', 1),
(152, 89, 32, 1, 11990, '2026-01-06 05:46:12', 1),
(153, 59, 32, 2, 2490, '2025-12-06 05:26:12', 1),
(154, 42, 20, 4, 4990, '2026-01-08 09:25:12', 1),
(155, 36, 15, 3, 10990, '2025-12-28 11:44:12', 1),
(156, 65, 16, 2, 1790, '2025-10-25 06:12:13', 1),
(157, 96, 17, 3, 11990, '2026-01-15 16:04:13', 1),
(158, 66, 24, 5, 1290, '2025-12-08 08:05:13', 1),
(159, 63, 20, 2, 1450, '2025-12-10 23:26:13', 1),
(160, 62, 18, 4, 250, '2026-01-04 13:12:13', 1),
(161, 84, 15, 1, 70, '2026-01-08 04:26:13', 1),
(162, 27, 24, 3, 14990, '2025-11-27 01:17:13', 1),
(163, 45, 15, 3, 2190, '2025-12-11 08:19:13', 1),
(164, 44, 23, 1, 4590, '2026-01-01 11:52:13', 1),
(165, 31, 22, 1, 6990, '2025-11-07 05:29:13', 1),
(166, 49, 23, 5, 290, '2025-12-14 23:28:13', 1),
(167, 62, 20, 4, 250, '2025-11-12 04:23:13', 1),
(168, 84, 26, 1, 70, '2025-11-12 00:33:13', 1),
(169, 83, 30, 4, 1890, '2025-11-26 12:37:13', 1),
(170, 84, 27, 3, 70, '2025-11-03 05:22:14', 1),
(171, 37, 22, 2, 10990, '2025-11-29 12:57:14', 1),
(172, 41, 26, 3, 190, '2025-12-11 09:23:14', 1),
(173, 97, 19, 2, 1290, '2025-12-29 01:27:14', 1),
(174, 40, 21, 5, 2690, '2025-12-06 09:20:14', 1),
(175, 45, 18, 4, 2190, '2025-12-04 02:55:14', 2),
(176, 69, 19, 2, 40, '2026-01-02 20:30:14', 2),
(177, 30, 31, 2, 5790, '2025-12-05 06:36:14', 2),
(178, 81, 18, 5, 1290, '2025-12-02 15:20:14', 2),
(179, 43, 16, 3, 5790, '2025-11-23 06:10:14', 2),
(180, 87, 24, 1, 1290, '2025-12-29 17:38:14', 2),
(181, 22, 31, 5, 5890, '2026-01-05 20:54:14', 2),
(182, 52, 33, 4, 1290, '2026-01-09 09:19:15', 2),
(183, 76, 23, 3, 3190, '2026-01-08 00:30:15', 2),
(184, 26, 24, 1, 38990, '2025-12-25 20:13:15', 2),
(185, 66, 23, 5, 1290, '2025-11-12 14:30:15', 2),
(186, 73, 19, 3, 6890, '2025-11-05 03:02:15', 2),
(187, 97, 15, 3, 1290, '2025-11-07 01:38:15', 2),
(188, 38, 31, 2, 12990, '2025-12-16 17:22:15', 2),
(189, 56, 29, 4, 9800, '2026-01-08 10:32:15', 2),
(190, 65, 19, 3, 1790, '2025-12-12 08:15:15', 2),
(191, 75, 31, 2, 3490, '2025-11-26 17:38:15', 2),
(192, 49, 27, 3, 290, '2025-12-12 07:03:15', 2),
(193, 31, 31, 1, 6990, '2026-01-11 00:52:15', 2),
(194, 94, 28, 2, 4590, '2026-01-05 18:07:15', 2),
(195, 35, 26, 2, 12990, '2026-01-05 17:00:15', 2),
(196, 100, 22, 2, 120, '2025-11-08 14:21:16', 2),
(197, 81, 32, 3, 1290, '2025-12-27 12:53:16', 2),
(198, 75, 24, 5, 3490, '2025-11-18 07:19:16', 2),
(199, 76, 23, 3, 3190, '2025-11-21 08:33:16', 2),
(200, 34, 26, 3, 32990, '2025-11-14 16:00:16', 2),
(201, 94, 22, 2, 4590, '2026-01-04 18:11:16', 2),
(202, 24, 30, 1, 18990, '2026-01-07 05:44:16', 2),
(203, 56, 29, 3, 9800, '2025-12-06 15:28:16', 2),
(204, 67, 18, 1, 6490, '2025-12-30 15:26:16', 2),
(205, 64, 16, 1, 1690, '2025-12-18 04:55:16', 2),
(206, 86, 31, 5, 15990, '2026-01-07 19:24:16', 2),
(207, 52, 15, 3, 1290, '2025-10-24 17:36:16', 2),
(208, 17, 16, 4, 34990, '2025-12-08 20:48:16', 2),
(209, 76, 31, 2, 3190, '2025-11-20 22:29:17', 2),
(210, 49, 27, 4, 290, '2025-11-26 12:30:17', 2),
(211, 74, 21, 3, 5790, '2026-01-02 06:37:17', 2),
(212, 58, 21, 1, 4190, '2025-12-22 23:55:17', 2),
(213, 17, 19, 1, 34990, '2025-11-10 01:58:17', 2),
(214, 37, 17, 2, 10990, '2025-12-30 00:15:17', 2),
(215, 85, 30, 4, 35, '2025-12-04 01:45:17', 2),
(216, 95, 17, 4, 2990, '2025-10-25 22:58:17', 2),
(217, 26, 24, 5, 38990, '2025-12-03 14:09:17', 2),
(218, 61, 23, 5, 3890, '2025-10-23 13:47:17', 2),
(219, 58, 28, 4, 4190, '2025-11-29 07:52:17', 2),
(220, 75, 18, 4, 3490, '2025-12-12 17:06:17', 2),
(221, 23, 33, 3, 1490, '2025-11-28 00:09:17', 2),
(222, 36, 17, 3, 10990, '2025-10-24 16:24:18', 2),
(223, 39, 31, 3, 1890, '2025-10-19 22:20:18', 2),
(224, 62, 18, 4, 250, '2025-12-21 06:14:18', 2),
(225, 60, 18, 3, 2100, '2025-10-19 22:23:18', 2),
(226, 72, 15, 3, 9990, '2026-01-15 16:00:18', 2),
(227, 44, 25, 3, 4590, '2025-11-18 12:15:18', 2),
(228, 58, 21, 2, 4190, '2025-12-14 19:35:18', 2),
(229, 35, 21, 1, 12990, '2025-11-26 07:34:18', 2),
(230, 101, 27, 4, 60, '2025-10-26 22:52:18', 2),
(231, 60, 25, 1, 2100, '2025-11-17 17:26:18', 2),
(232, 79, 32, 5, 3200, '2025-12-20 17:23:18', 2),
(233, 31, 18, 3, 6990, '2025-12-10 10:38:18', 2),
(234, 24, 29, 4, 18990, '2025-12-23 03:46:18', 2),
(235, 73, 22, 3, 6890, '2026-01-09 20:59:18', 2),
(236, 24, 26, 3, 18990, '2025-12-24 17:40:19', 2),
(237, 81, 33, 1, 1290, '2025-12-19 03:35:19', 2),
(238, 41, 18, 5, 190, '2025-11-11 14:46:19', 2),
(239, 70, 18, 5, 17500, '2025-11-03 01:26:19', 2),
(240, 56, 20, 1, 9800, '2025-11-22 12:23:19', 2),
(241, 16, 23, 3, 25990, '2025-11-27 01:20:19', 2),
(242, 52, 27, 5, 1290, '2025-12-28 07:53:19', 2),
(243, 65, 27, 1, 1790, '2025-12-03 20:45:19', 2),
(244, 39, 18, 5, 1890, '2025-11-17 07:20:19', 2),
(245, 66, 19, 3, 1290, '2025-12-10 09:40:19', 2),
(246, 47, 25, 2, 3990, '2025-12-24 07:42:19', 2),
(247, 73, 20, 1, 6890, '2025-12-09 15:50:19', 2),
(248, 50, 22, 2, 8900, '2025-10-30 00:16:19', 2),
(249, 18, 21, 3, 31990, '2025-12-07 13:14:20', 2),
(250, 79, 26, 2, 3200, '2025-10-22 09:59:20', 2),
(251, 71, 20, 1, 12990, '2025-10-22 23:39:20', 2),
(252, 83, 24, 2, 1890, '2025-12-29 02:34:20', 2),
(253, 37, 25, 2, 10990, '2025-11-28 15:10:20', 2),
(254, 100, 33, 1, 120, '2026-01-01 12:55:20', 2),
(255, 60, 17, 4, 2100, '2025-11-11 05:47:20', 2),
(256, 48, 19, 2, 1890, '2025-12-27 04:00:20', 2),
(257, 76, 25, 2, 3190, '2025-11-25 17:50:20', 2),
(258, 66, 20, 1, 1290, '2025-12-28 16:44:20', 2),
(259, 89, 29, 5, 11990, '2025-11-23 00:03:20', 2),
(260, 32, 25, 5, 490, '2025-11-29 17:58:20', 2),
(261, 62, 25, 3, 250, '2026-01-07 00:42:20', 2),
(262, 73, 19, 2, 6890, '2026-01-08 14:21:21', 2),
(263, 82, 17, 4, 3590, '2025-11-06 10:45:21', 2),
(264, 52, 28, 1, 1290, '2025-11-12 00:34:21', 2),
(265, 99, 17, 5, 290, '2025-10-31 04:06:21', 2),
(266, 44, 20, 4, 4590, '2025-12-25 02:29:21', 2),
(267, 96, 31, 5, 11990, '2026-01-11 14:47:21', 2),
(268, 59, 27, 2, 2490, '2025-11-20 22:32:21', 2),
(269, 35, 15, 4, 12990, '2025-11-01 16:48:21', 2),
(270, 45, 17, 5, 2190, '2025-11-30 16:35:21', 2),
(271, 82, 29, 2, 3590, '2025-12-10 01:39:21', 2),
(272, 53, 16, 4, 3790, '2025-11-02 16:34:21', 2),
(273, 68, 33, 5, 90, '2025-12-04 11:51:21', 2),
(274, 84, 15, 2, 70, '2025-12-19 13:44:21', 2),
(275, 52, 31, 2, 1290, '2025-12-30 00:18:22', 2),
(276, 78, 14, 3, 60, '2026-01-10 19:52:22', 2),
(277, 28, 26, 1, 16990, '2026-01-03 11:36:22', 2),
(278, 37, 32, 4, 10990, '2025-12-28 21:37:22', 2),
(279, 21, 26, 1, 6490, '2025-10-19 03:30:22', 2),
(280, 59, 19, 5, 2490, '2025-10-28 07:34:22', 2),
(281, 77, 21, 2, 4590, '2026-01-15 06:03:22', 2),
(282, 77, 24, 1, 4590, '2025-11-08 04:14:22', 2),
(283, 87, 16, 3, 1290, '2025-10-19 21:16:22', 2),
(284, 74, 20, 3, 5790, '2025-11-30 21:32:22', 2),
(285, 88, 26, 4, 4990, '2025-10-24 03:34:22', 2),
(286, 97, 25, 5, 1290, '2025-11-29 17:55:22', 2),
(287, 36, 28, 1, 10990, '2025-11-15 18:41:22', 2),
(288, 63, 32, 4, 1450, '2025-12-29 20:27:23', 2),
(289, 81, 14, 2, 1290, '2025-10-31 20:42:23', 2),
(290, 60, 14, 3, 2100, '2025-11-30 20:28:23', 2),
(291, 49, 30, 5, 290, '2025-11-21 03:33:23', 2),
(292, 80, 19, 3, 2100, '2026-01-08 23:19:23', 2),
(293, 71, 33, 3, 12990, '2025-11-20 09:52:23', 2),
(294, 37, 32, 1, 10990, '2025-11-24 10:03:23', 2),
(295, 74, 18, 4, 5790, '2025-12-27 21:46:23', 3),
(296, 76, 30, 5, 3190, '2025-12-28 07:47:23', 3),
(297, 73, 25, 4, 6890, '2026-01-11 04:46:23', 3),
(298, 89, 23, 4, 11990, '2025-11-28 09:07:23', 3),
(299, 56, 22, 1, 9800, '2026-01-05 08:00:23', 3),
(300, 51, 30, 3, 10990, '2025-12-11 09:25:23', 3),
(301, 51, 25, 3, 10990, '2025-12-06 14:20:23', 3),
(302, 51, 16, 1, 10990, '2026-01-16 18:39:24', 3),
(303, 75, 20, 2, 3490, '2025-10-28 02:37:24', 3),
(304, 83, 20, 3, 1890, '2025-12-14 04:43:24', 3),
(305, 76, 27, 1, 3190, '2025-12-30 15:17:24', 3),
(306, 94, 18, 5, 4590, '2025-11-23 01:07:24', 3),
(307, 35, 20, 3, 12990, '2025-12-09 09:42:24', 3),
(308, 93, 29, 1, 7990, '2026-01-01 13:01:24', 3),
(309, 35, 28, 3, 12990, '2026-01-05 04:09:24', 3),
(310, 93, 21, 3, 7990, '2026-01-07 00:40:24', 3),
(311, 60, 31, 5, 2100, '2025-11-03 23:05:24', 3),
(312, 37, 30, 2, 10990, '2025-10-23 08:48:24', 3),
(313, 32, 27, 1, 490, '2025-12-09 15:50:25', 3),
(314, 39, 26, 5, 1890, '2026-01-04 22:02:25', 3),
(315, 98, 33, 4, 390, '2025-12-19 08:40:25', 3),
(316, 18, 20, 1, 31990, '2025-12-13 10:54:25', 3),
(317, 28, 22, 1, 16990, '2025-11-24 08:52:25', 3),
(318, 95, 25, 4, 2990, '2026-01-04 14:18:25', 3),
(319, 25, 16, 1, 690, '2025-11-23 11:12:25', 3),
(320, 20, 20, 1, 9990, '2025-11-01 11:44:25', 3),
(321, 18, 29, 5, 31990, '2025-11-24 00:01:25', 3),
(322, 50, 17, 1, 8900, '2026-01-07 05:37:25', 3),
(323, 48, 21, 5, 1890, '2025-12-08 06:57:25', 3),
(324, 26, 18, 3, 38990, '2025-12-24 17:34:25', 3),
(325, 53, 22, 4, 3790, '2025-11-26 12:36:25', 3),
(326, 84, 28, 3, 70, '2025-11-04 04:11:26', 3),
(327, 88, 14, 2, 4990, '2026-01-08 14:22:26', 3),
(328, 68, 15, 1, 90, '2025-10-30 15:15:26', 3),
(329, 50, 28, 5, 8900, '2025-10-26 09:00:26', 3),
(330, 35, 22, 3, 12990, '2026-01-13 18:21:26', 3),
(331, 35, 33, 5, 12990, '2025-11-19 06:03:26', 3),
(332, 23, 26, 4, 1490, '2025-12-01 06:27:26', 3),
(333, 90, 31, 5, 890, '2025-12-29 06:30:26', 3),
(334, 34, 30, 1, 32990, '2025-10-29 16:31:26', 3),
(335, 55, 25, 4, 120, '2025-12-30 19:11:26', 3),
(336, 84, 19, 4, 70, '2025-11-24 13:51:26', 3),
(337, 18, 20, 5, 31990, '2025-12-14 23:31:26', 3),
(338, 63, 20, 2, 1450, '2026-01-15 06:02:26', 3),
(339, 46, 18, 4, 3290, '2025-12-20 08:30:26', 3),
(340, 17, 25, 4, 34990, '2025-10-25 01:17:27', 3),
(341, 27, 14, 4, 14990, '2025-10-18 23:36:27', 3),
(342, 90, 18, 1, 890, '2025-11-01 11:50:27', 3),
(343, 35, 19, 4, 12990, '2025-12-16 12:14:27', 3),
(344, 86, 30, 3, 15990, '2026-01-01 06:50:27', 3),
(345, 63, 30, 4, 1450, '2025-11-14 02:06:27', 3),
(346, 91, 32, 4, 2190, '2026-01-08 09:29:27', 3),
(347, 92, 16, 4, 27990, '2025-11-01 16:44:27', 3),
(348, 80, 18, 4, 2100, '2025-12-22 04:59:27', 3),
(349, 101, 24, 2, 60, '2025-10-23 07:42:27', 3),
(350, 30, 14, 2, 5790, '2025-12-07 04:15:27', 3),
(351, 36, 24, 1, 10990, '2025-12-07 18:13:27', 3),
(352, 78, 26, 4, 60, '2025-11-25 12:38:27', 3),
(353, 68, 21, 5, 90, '2025-12-28 06:43:28', 3),
(354, 50, 32, 2, 8900, '2025-12-07 03:08:28', 3),
(355, 43, 19, 4, 5790, '2025-11-30 06:40:28', 3),
(356, 18, 17, 4, 31990, '2025-12-06 23:14:28', 3),
(357, 64, 28, 1, 1690, '2025-11-02 11:38:28', 3),
(358, 30, 32, 5, 5790, '2025-12-11 03:15:28', 3),
(359, 31, 27, 5, 6990, '2025-12-19 18:39:28', 3),
(360, 60, 29, 2, 2100, '2025-12-17 16:04:28', 3),
(361, 31, 31, 2, 6990, '2025-11-20 22:40:28', 3),
(362, 71, 16, 2, 12990, '2026-01-05 18:07:28', 3),
(363, 79, 28, 5, 3200, '2026-01-09 17:09:28', 3),
(364, 82, 27, 2, 3590, '2025-10-19 13:34:28', 3),
(365, 81, 18, 1, 1290, '2026-01-14 19:56:28', 3),
(366, 50, 21, 1, 8900, '2025-11-08 03:14:29', 3),
(367, 50, 28, 2, 8900, '2025-11-20 22:30:29', 3),
(368, 99, 32, 5, 290, '2025-10-25 11:17:29', 3),
(369, 23, 18, 5, 1490, '2025-12-31 04:09:29', 3),
(370, 66, 15, 1, 1290, '2025-10-27 17:50:29', 3),
(371, 53, 25, 2, 3790, '2025-10-31 21:47:29', 3),
(372, 54, 26, 1, 4590, '2025-12-20 02:22:29', 3),
(373, 59, 18, 2, 2490, '2025-11-16 04:34:29', 3),
(374, 65, 18, 3, 1790, '2025-11-13 18:20:29', 3),
(375, 64, 33, 2, 1690, '2026-01-10 10:59:29', 3),
(376, 17, 16, 1, 34990, '2025-10-28 17:35:29', 3),
(377, 82, 16, 1, 3590, '2025-11-14 19:53:29', 3),
(378, 25, 19, 2, 690, '2025-11-19 23:53:30', 3),
(379, 19, 33, 3, 12990, '2025-12-17 23:48:30', 3),
(380, 91, 19, 3, 2190, '2025-12-24 17:40:30', 3),
(381, 55, 26, 4, 120, '2026-01-02 16:47:30', 3),
(382, 44, 14, 4, 4590, '2025-12-06 22:08:30', 3),
(383, 51, 17, 2, 10990, '2025-12-03 09:06:30', 3),
(384, 56, 20, 5, 9800, '2025-12-19 18:36:30', 3),
(385, 98, 24, 1, 390, '2025-12-02 00:18:30', 3),
(386, 60, 23, 5, 2100, '2025-12-15 22:19:30', 3),
(387, 84, 15, 1, 70, '2025-11-06 05:46:30', 3),
(388, 37, 25, 1, 10990, '2025-12-07 18:09:30', 3),
(389, 28, 24, 5, 16990, '2026-01-14 12:08:30', 3),
(390, 42, 24, 5, 4990, '2025-12-23 13:49:30', 3),
(391, 99, 28, 1, 290, '2025-12-01 01:29:31', 3),
(392, 38, 27, 5, 12990, '2025-11-09 17:08:31', 3),
(393, 53, 14, 3, 3790, '2025-11-08 22:07:31', 3),
(394, 95, 22, 4, 2990, '2025-12-28 21:36:31', 3),
(395, 86, 31, 4, 15990, '2025-12-20 08:29:31', 3),
(396, 97, 19, 3, 1290, '2026-01-07 00:34:31', 3),
(397, 47, 14, 3, 3990, '2026-01-01 07:58:31', 3),
(398, 48, 14, 3, 1890, '2026-01-06 02:58:31', 3),
(399, 18, 27, 4, 31990, '2025-11-21 17:29:31', 3),
(400, 28, 32, 2, 16990, '2025-11-30 11:45:31', 3),
(401, 98, 29, 4, 390, '2025-12-11 18:16:31', 3),
(402, 17, 18, 2, 34990, '2025-11-30 12:38:31', 3),
(403, 79, 21, 1, 3200, '2025-10-28 16:33:31', 3),
(404, 25, 18, 1, 690, '2025-10-31 13:00:31', 3),
(405, 90, 32, 2, 890, '2025-11-17 03:20:32', 3),
(406, 103, 31, 4, 95, '2025-11-15 23:44:32', 3),
(407, 103, 17, 1, 95, '2025-12-24 21:28:32', 3),
(408, 81, 24, 4, 1290, '2026-01-06 10:47:32', 3),
(409, 91, 30, 5, 2190, '2025-11-13 12:14:32', 3),
(410, 23, 26, 2, 1490, '2025-12-28 02:50:32', 3),
(411, 100, 21, 2, 120, '2025-12-09 01:51:32', 3),
(412, 45, 31, 1, 2190, '2025-12-10 15:39:32', 3),
(413, 42, 23, 2, 4990, '2026-01-07 15:37:32', 3),
(414, 77, 28, 5, 4590, '2025-11-22 02:17:32', 3),
(415, 38, 31, 1, 12990, '2025-12-19 03:40:32', 4),
(416, 29, 20, 3, 2990, '2025-11-08 22:11:32', 4),
(417, 71, 20, 4, 12990, '2025-10-29 19:14:32', 4),
(418, 63, 32, 5, 1450, '2025-11-01 02:53:33', 4),
(419, 38, 25, 4, 12990, '2025-12-13 14:51:33', 4),
(420, 61, 17, 3, 3890, '2025-12-05 15:42:33', 4),
(421, 43, 16, 2, 5790, '2025-12-17 16:06:33', 4),
(422, 50, 19, 4, 8900, '2026-01-13 04:29:33', 4),
(423, 24, 23, 3, 18990, '2025-11-26 02:33:33', 4),
(424, 103, 33, 2, 95, '2025-12-09 00:43:33', 4),
(425, 90, 31, 4, 890, '2025-11-17 22:19:33', 4),
(426, 81, 23, 3, 1290, '2025-10-19 21:19:33', 4),
(427, 34, 22, 4, 32990, '2026-01-10 07:03:33', 4),
(428, 30, 18, 4, 5790, '2026-01-06 11:54:33', 4),
(429, 30, 17, 2, 5790, '2025-12-13 19:45:33', 4),
(430, 83, 33, 5, 1890, '2025-11-13 13:21:33', 4),
(431, 44, 33, 5, 4590, '2025-10-30 05:15:34', 4),
(432, 26, 33, 2, 38990, '2025-11-17 03:25:34', 4),
(433, 29, 27, 4, 2990, '2026-01-01 17:57:34', 4),
(434, 93, 30, 4, 7990, '2026-01-12 05:39:34', 4),
(435, 39, 16, 4, 1890, '2025-11-20 17:44:34', 4),
(436, 84, 19, 1, 70, '2025-12-13 09:50:34', 4),
(437, 81, 22, 5, 1290, '2025-11-19 06:05:34', 4),
(438, 71, 26, 4, 12990, '2025-12-05 01:42:34', 4),
(439, 17, 20, 5, 34990, '2025-11-30 16:42:34', 4),
(440, 50, 26, 1, 8900, '2025-12-29 16:34:34', 4),
(441, 80, 30, 5, 2100, '2025-12-23 12:44:34', 4),
(442, 92, 31, 4, 27990, '2025-12-14 14:45:34', 4),
(443, 79, 23, 2, 3200, '2025-10-22 08:49:35', 4),
(444, 92, 28, 5, 27990, '2025-12-28 07:52:35', 4),
(445, 44, 22, 5, 4590, '2025-11-23 01:08:35', 4),
(446, 75, 22, 2, 3490, '2025-11-02 20:24:35', 4),
(447, 57, 24, 5, 11490, '2025-11-26 20:16:35', 4),
(448, 89, 21, 5, 11990, '2025-11-16 08:40:35', 4),
(449, 53, 26, 4, 3790, '2026-01-06 11:54:35', 4),
(450, 20, 23, 3, 9990, '2025-11-27 00:13:35', 4),
(451, 80, 17, 4, 2100, '2025-12-03 04:05:35', 4),
(452, 21, 28, 1, 6490, '2026-01-09 03:15:35', 4),
(453, 61, 22, 4, 3890, '2026-01-08 09:23:35', 4),
(454, 99, 15, 5, 290, '2025-12-02 15:21:35', 4),
(455, 26, 31, 3, 38990, '2025-10-25 15:11:36', 4),
(456, 29, 21, 3, 2990, '2025-11-23 05:04:36', 4),
(457, 17, 24, 3, 34990, '2025-11-17 12:20:36', 4),
(458, 27, 24, 5, 14990, '2025-12-08 06:56:36', 4),
(459, 96, 22, 5, 11990, '2025-12-27 07:53:36', 4),
(460, 35, 19, 3, 12990, '2026-01-03 06:31:36', 4),
(461, 34, 21, 5, 32990, '2026-01-13 13:22:36', 4),
(462, 35, 29, 2, 12990, '2025-11-19 23:54:36', 4),
(463, 97, 18, 3, 1290, '2026-01-13 17:19:36', 4),
(464, 38, 23, 3, 12990, '2025-10-29 11:31:36', 4),
(465, 92, 23, 3, 27990, '2025-12-15 04:31:36', 4),
(466, 49, 26, 3, 290, '2025-12-26 15:12:36', 4),
(467, 66, 18, 1, 1290, '2025-11-18 17:18:36', 4),
(468, 39, 30, 2, 1890, '2025-12-28 02:47:36', 4),
(469, 20, 14, 5, 9990, '2025-10-22 13:51:37', 4),
(470, 74, 24, 1, 5790, '2025-10-27 17:54:37', 4),
(471, 73, 32, 4, 6890, '2025-11-17 21:09:37', 4),
(472, 69, 28, 4, 40, '2025-11-02 16:35:37', 4),
(473, 46, 21, 4, 3290, '2026-01-15 01:03:37', 4),
(474, 25, 29, 1, 690, '2025-12-11 13:17:37', 4),
(475, 92, 20, 1, 27990, '2025-12-11 13:19:37', 4),
(476, 59, 21, 1, 2490, '2025-12-08 16:59:37', 4),
(477, 78, 25, 4, 60, '2026-01-09 09:19:37', 4),
(478, 93, 21, 5, 7990, '2025-11-21 03:33:37', 4),
(479, 41, 28, 5, 190, '2025-12-29 07:39:37', 4),
(480, 29, 17, 3, 2990, '2026-01-14 16:09:37', 4),
(481, 73, 27, 2, 6890, '2025-12-08 03:06:38', 4),
(482, 100, 18, 4, 120, '2025-11-08 09:18:38', 4),
(483, 52, 27, 5, 1290, '2025-10-29 06:26:38', 4),
(484, 43, 14, 1, 5790, '2025-12-30 15:22:38', 4),
(485, 89, 18, 1, 11990, '2025-11-08 04:19:38', 4),
(486, 102, 33, 4, 1890, '2025-12-09 20:37:38', 4),
(487, 100, 18, 2, 120, '2026-01-06 15:47:38', 4),
(488, 28, 16, 1, 16990, '2025-10-25 19:02:38', 4),
(489, 96, 18, 2, 11990, '2026-01-07 15:35:38', 4),
(490, 93, 15, 2, 7990, '2025-12-12 21:01:38', 4),
(491, 27, 14, 3, 14990, '2026-01-08 23:20:38', 4),
(492, 53, 20, 3, 3790, '2025-12-27 14:04:38', 4),
(493, 25, 32, 2, 690, '2026-01-07 15:39:38', 4),
(494, 71, 15, 1, 12990, '2025-11-27 06:21:39', 4),
(495, 75, 33, 2, 3490, '2025-12-01 10:27:39', 4),
(496, 87, 23, 3, 1290, '2025-11-29 21:44:39', 4),
(497, 53, 28, 5, 3790, '2026-01-05 20:55:39', 4),
(498, 38, 14, 4, 12990, '2025-11-08 09:25:39', 4),
(499, 44, 16, 3, 4590, '2025-12-29 11:32:39', 4),
(500, 72, 28, 1, 9990, '2025-11-25 07:41:39', 4),
(501, 22, 18, 1, 5890, '2025-12-24 21:21:39', 4),
(502, 82, 18, 2, 3590, '2026-01-12 09:42:39', 4),
(503, 61, 20, 4, 3890, '2025-12-15 14:37:39', 4),
(504, 28, 25, 2, 16990, '2026-01-07 15:36:39', 4),
(505, 88, 32, 3, 4990, '2025-12-15 04:37:39', 4),
(506, 42, 24, 1, 4990, '2025-12-04 21:39:39', 4),
(507, 43, 16, 1, 5790, '2025-12-05 19:25:40', 4),
(508, 64, 29, 4, 1690, '2026-01-04 14:19:40', 4),
(509, 73, 31, 2, 6890, '2025-11-18 02:12:40', 4),
(510, 45, 18, 4, 2190, '2025-11-02 16:36:40', 4),
(511, 48, 25, 2, 1890, '2025-11-18 23:56:40', 4),
(512, 27, 32, 4, 14990, '2026-01-01 18:01:40', 4),
(513, 70, 30, 3, 17500, '2025-10-20 20:09:40', 4),
(514, 83, 14, 4, 1890, '2025-10-30 19:06:40', 4),
(515, 82, 24, 4, 3590, '2025-12-24 03:38:40', 4),
(516, 19, 32, 1, 12990, '2025-12-28 17:52:40', 4),
(517, 65, 17, 4, 1790, '2025-11-25 12:49:40', 4),
(518, 98, 16, 2, 390, '2025-10-27 02:45:40', 4),
(519, 85, 31, 5, 35, '2025-10-19 18:29:41', 4),
(520, 17, 25, 3, 34990, '2025-11-16 13:43:41', 4),
(521, 62, 30, 5, 250, '2025-11-11 14:36:41', 4),
(522, 51, 23, 5, 10990, '2025-11-30 16:46:41', 4),
(523, 38, 17, 3, 12990, '2026-01-06 01:54:41', 4),
(524, 19, 27, 2, 12990, '2025-11-23 18:58:41', 4),
(525, 97, 29, 5, 1290, '2025-12-04 11:47:41', 4),
(526, 39, 14, 5, 1890, '2025-12-03 13:01:41', 4),
(527, 79, 15, 2, 3200, '2025-10-25 07:23:41', 4),
(528, 82, 15, 2, 3590, '2025-11-16 04:41:41', 4),
(529, 76, 31, 4, 3190, '2025-12-26 23:00:41', 4),
(530, 96, 30, 1, 11990, '2025-10-31 12:55:41', 4),
(531, 87, 32, 3, 1290, '2025-11-15 14:48:41', 4),
(532, 27, 25, 2, 14990, '2025-12-16 17:18:42', 4),
(533, 96, 28, 5, 11990, '2025-10-25 11:18:42', 4),
(534, 35, 32, 4, 12990, '2025-12-18 08:47:42', 4),
(535, 103, 19, 3, 95, '2026-01-15 19:09:26', 2),
(536, 103, 19, 2, 95, '2026-01-15 19:09:35', 2),
(537, 51, 19, 2, 10990, '2026-01-15 20:52:05', 4);

-- --------------------------------------------------------

--
-- Tablo için tablo yapısı `Subeler`
--

CREATE TABLE `Subeler` (
  `id` int NOT NULL,
  `sube_adi` varchar(100) NOT NULL
) ENGINE=InnoDB DEFAULT CHARSET=utf8mb4 COLLATE=utf8mb4_0900_ai_ci;

--
-- Tablo döküm verisi `Subeler`
--

INSERT INTO `Subeler` (`id`, `sube_adi`) VALUES
(1, 'Nilüfer Şube'),
(2, 'Osmangazi Şube'),
(3, 'Yıldırım Şube'),
(4, 'İnegöl Şube');

-- --------------------------------------------------------

--
-- Tablo için tablo yapısı `Urunler`
--

CREATE TABLE `Urunler` (
  `id` int NOT NULL,
  `urun_adi` varchar(100) NOT NULL,
  `stok` int NOT NULL,
  `fiyat` decimal(10,2) NOT NULL,
  `min_stok` int NOT NULL,
  `kategori_id` int NOT NULL
) ENGINE=InnoDB DEFAULT CHARSET=utf8mb4 COLLATE=utf8mb4_0900_ai_ci;

--
-- Tablo döküm verisi `Urunler`
--

INSERT INTO `Urunler` (`id`, `urun_adi`, `stok`, `fiyat`, `min_stok`, `kategori_id`) VALUES
(16, 'Luna Koltuk Takımı 3+2+1', 2, 25990.00, 5, 6),
(17, 'Milano Köşe Koltuk', 2, 34990.00, 4, 6),
(18, 'Relax Köşe Koltuk', 7, 31990.00, 5, 6),
(19, 'Vera 3lü Koltuk', 9, 12990.00, 6, 6),
(20, 'Vera 2li Koltuk', 3, 9990.00, 5, 6),
(22, 'Krem Berjer', 6, 5890.00, 4, 6),
(23, 'Puf - Kadife', 2, 1490.00, 4, 6),
(24, 'Kanepe Yataklı 3lü', 5, 18990.00, 4, 6),
(25, 'Koltuk Başlığı Set (2li)', 8, 690.00, 6, 6),
(26, 'Vera Yatak Odası Takımı', 3, 38990.00, 3, 2),
(27, 'Bazalı Karyola 160x200', 5, 14990.00, 4, 2),
(28, 'Bazalı Karyola 180x200', 2, 16990.00, 3, 2),
(29, 'Komodin (2li)', 8, 2990.00, 6, 2),
(30, 'Şifonyer 6 Çekmece', 3, 5790.00, 5, 2),
(31, 'Makyaj Masası + Ayna', 2, 6990.00, 4, 2),
(32, 'Gardırop İçi LED Aydınlatma', 10, 490.00, 8, 2),
(33, 'Yatak Başlığı 160', 3, 2490.00, 4, 2),
(34, 'Berlin Yemek Odası Takımı', 2, 32990.00, 3, 3),
(35, 'Konsol + Ayna Set', 3, 12990.00, 4, 3),
(36, 'Vitrin 2 Kapak', 2, 10990.00, 3, 3),
(37, 'Yemek Masası 160', 6, 10990.00, 5, 3),
(38, 'Yemek Masası 180', 3, 12990.00, 4, 3),
(39, 'Yemek Sandalyesi Kumaş', 18, 1890.00, 12, 3),
(40, 'Servis Arabası', 4, 2690.00, 3, 3),
(41, 'Masa Runner (Aksesuar)', 20, 190.00, 15, 3),
(42, 'Çalışma Masası 120', 8, 4990.00, 6, 4),
(43, 'Çalışma Masası 140', 4, 5790.00, 5, 4),
(44, 'Bilgisayar Masası Raflı', 6, 4590.00, 5, 4),
(45, 'Ofis Koltuğu Fileli', 10, 2190.00, 8, 4),
(46, 'Kitaplık 5 Raf', 5, 3290.00, 4, 4),
(47, 'Kitaplık 7 Raf', 3, 3990.00, 4, 4),
(48, 'Çekmeceli Keson', 4, 1890.00, 4, 4),
(49, 'Masa Lambası LED', 12, 290.00, 10, 4),
(50, 'Zen TV Ünitesi 140', 7, 8900.00, 5, 7),
(51, 'Zen TV Ünitesi 180', 3, 10990.00, 4, 7),
(52, 'Duvar Rafı TV Modül', 8, 1290.00, 6, 7),
(53, 'TV Sehpası Minimal', 4, 3790.00, 4, 7),
(54, 'TV Üst Dolap Set', 2, 4590.00, 3, 7),
(55, 'Kablo Gizleyici Kanal', 15, 120.00, 12, 7),
(56, 'Anka Masa 160', 12, 9800.00, 8, 8),
(57, 'Anka Masa 180', 7, 11490.00, 6, 8),
(58, 'Mutfak Masası 120', 8, 4190.00, 7, 8),
(59, 'Katlanır Masa', 5, 2490.00, 5, 8),
(60, 'Zigon Sehpa Set (Masa kategorisi)', 6, 2100.00, 6, 8),
(61, 'Orta Masa Lake', 3, 3890.00, 4, 8),
(62, 'Masa Ayak Takımı', 20, 250.00, 15, 8),
(63, 'Anka Sandalye', 25, 1450.00, 20, 9),
(64, 'Sandalye Ahşap', 14, 1690.00, 12, 9),
(65, 'Sandalye Metal Ayak', 10, 1790.00, 10, 9),
(66, 'Bar Taburesi', 6, 1290.00, 6, 9),
(67, 'Berjer (Sandalye kategorisi)', 2, 6490.00, 3, 9),
(68, 'Sandalye Minderi', 30, 90.00, 25, 9),
(69, 'Sandalye Keçesi 16lı', 18, 40.00, 20, 9),
(70, 'Retro Gardırop 4 Kapak', 1, 17500.00, 2, 10),
(71, 'Gardırop 3 Kapak', 3, 12990.00, 3, 10),
(72, 'Gardırop 2 Kapak', 4, 9990.00, 4, 10),
(73, 'Portmanto Ayakkabılık', 4, 6890.00, 4, 10),
(74, 'Şifonyer (Dolap kategorisi)', 2, 5790.00, 3, 10),
(75, 'Ayakkabılık 3 Kapak', 6, 3490.00, 5, 10),
(76, 'Banyo Dolabı', 5, 3190.00, 6, 10),
(77, 'Kiler Dolabı', 2, 4590.00, 3, 10),
(78, 'Dolap Kulpu Set (10lu)', 22, 60.00, 15, 10),
(79, 'Mimoza Orta Sehpa', 4, 3200.00, 5, 11),
(80, 'Mimoza Zigon Sehpa', 9, 2100.00, 7, 11),
(81, 'Yan Sehpa Metal', 5, 1290.00, 5, 11),
(82, 'Orta Sehpa Cam', 2, 3590.00, 4, 11),
(83, 'Servis Sehpası', 3, 1890.00, 4, 11),
(84, 'Sehpa Altlığı (4lü)', 18, 70.00, 15, 11),
(85, 'Sehpa Köşe Koruyucu', 25, 35.00, 20, 11),
(86, 'Bahçe Masa Takımı 4 Kişilik', 3, 15990.00, 3, 12),
(87, 'Bahçe Sandalye Rattan', 10, 1290.00, 8, 12),
(88, 'Şezlong', 4, 4990.00, 4, 12),
(89, 'Bahçe Salıncak', 2, 11990.00, 2, 12),
(90, 'Bahçe Minder Set', 6, 890.00, 6, 12),
(91, 'Güneş Şemsiyesi', 5, 2190.00, 4, 12),
(92, 'Genç Odası Takımı - Nova', 2, 27990.00, 2, 13),
(93, 'Karyola 100x200', 4, 7990.00, 3, 13),
(94, 'Çalışma Masası Genç', 5, 4590.00, 4, 13),
(95, 'Kitaplık Genç', 6, 2990.00, 5, 13),
(96, 'Gardırop Genç 3 Kapak', 2, 11990.00, 3, 13),
(97, 'Komodin Genç', 6, 1290.00, 6, 13),
(98, 'Dekoratif Ayna', 12, 390.00, 10, 5),
(99, 'Duvar Saati', 9, 290.00, 8, 5),
(100, 'Kırlent 45x45', 22, 120.00, 20, 5),
(101, 'Kırlent Kılıfı', 30, 60.00, 25, 5),
(102, 'Halı 160x230', 4, 1890.00, 4, 5),
(103, 'Mumluk Set', 15, 95.00, 12, 5),
(104, 'Retro Berjer', 15, 3000.00, 5, 1);

-- --------------------------------------------------------

--
-- Tablo için tablo yapısı `Users`
--

CREATE TABLE `Users` (
  `id` int NOT NULL,
  `username` varchar(50) NOT NULL,
  `password` varchar(255) NOT NULL,
  `full_name` varchar(100) NOT NULL,
  `role` varchar(100) NOT NULL,
  `email` varchar(100) NOT NULL
) ENGINE=InnoDB DEFAULT CHARSET=utf8mb4 COLLATE=utf8mb4_0900_ai_ci;

--
-- Tablo döküm verisi `Users`
--

INSERT INTO `Users` (`id`, `username`, `password`, `full_name`, `role`, `email`) VALUES
(1, 'azad', 'gala', 'Azad Çam', 'Yönetici', ''),
(2, 'enes ', 'gala', 'Enes Görmen', 'Satış Elemanı', ''),
(3, 'hamza', 'gala', 'Hamza Sarmısak', 'Depo Görevlisi', '');

--
-- Dökümü yapılmış tablolar için indeksler
--

--
-- Tablo için indeksler `departman`
--
ALTER TABLE `departman`
  ADD PRIMARY KEY (`departmanID`);

--
-- Tablo için indeksler `Kategoriler`
--
ALTER TABLE `Kategoriler`
  ADD PRIMARY KEY (`id`);

--
-- Tablo için indeksler `Musteriler`
--
ALTER TABLE `Musteriler`
  ADD PRIMARY KEY (`id`);

--
-- Tablo için indeksler `personel`
--
ALTER TABLE `personel`
  ADD PRIMARY KEY (`id`);

--
-- Tablo için indeksler `Satislar`
--
ALTER TABLE `Satislar`
  ADD PRIMARY KEY (`id`),
  ADD KEY `fk_satis_sube` (`sube_id`);

--
-- Tablo için indeksler `Subeler`
--
ALTER TABLE `Subeler`
  ADD PRIMARY KEY (`id`);

--
-- Tablo için indeksler `Urunler`
--
ALTER TABLE `Urunler`
  ADD PRIMARY KEY (`id`);

--
-- Tablo için indeksler `Users`
--
ALTER TABLE `Users`
  ADD PRIMARY KEY (`id`);

--
-- Dökümü yapılmış tablolar için AUTO_INCREMENT değeri
--

--
-- Tablo için AUTO_INCREMENT değeri `departman`
--
ALTER TABLE `departman`
  MODIFY `departmanID` int NOT NULL AUTO_INCREMENT, AUTO_INCREMENT=2;

--
-- Tablo için AUTO_INCREMENT değeri `Kategoriler`
--
ALTER TABLE `Kategoriler`
  MODIFY `id` int NOT NULL AUTO_INCREMENT, AUTO_INCREMENT=14;

--
-- Tablo için AUTO_INCREMENT değeri `Musteriler`
--
ALTER TABLE `Musteriler`
  MODIFY `id` int NOT NULL AUTO_INCREMENT, AUTO_INCREMENT=34;

--
-- Tablo için AUTO_INCREMENT değeri `personel`
--
ALTER TABLE `personel`
  MODIFY `id` int NOT NULL AUTO_INCREMENT;

--
-- Tablo için AUTO_INCREMENT değeri `Satislar`
--
ALTER TABLE `Satislar`
  MODIFY `id` int NOT NULL AUTO_INCREMENT, AUTO_INCREMENT=538;

--
-- Tablo için AUTO_INCREMENT değeri `Subeler`
--
ALTER TABLE `Subeler`
  MODIFY `id` int NOT NULL AUTO_INCREMENT, AUTO_INCREMENT=5;

--
-- Tablo için AUTO_INCREMENT değeri `Urunler`
--
ALTER TABLE `Urunler`
  MODIFY `id` int NOT NULL AUTO_INCREMENT, AUTO_INCREMENT=105;

--
-- Tablo için AUTO_INCREMENT değeri `Users`
--
ALTER TABLE `Users`
  MODIFY `id` int NOT NULL AUTO_INCREMENT, AUTO_INCREMENT=4;

--
-- Dökümü yapılmış tablolar için kısıtlamalar
--

--
-- Tablo kısıtlamaları `Satislar`
--
ALTER TABLE `Satislar`
  ADD CONSTRAINT `fk_satis_sube` FOREIGN KEY (`sube_id`) REFERENCES `Subeler` (`id`);
COMMIT;

/*!40101 SET CHARACTER_SET_CLIENT=@OLD_CHARACTER_SET_CLIENT */;
/*!40101 SET CHARACTER_SET_RESULTS=@OLD_CHARACTER_SET_RESULTS */;
/*!40101 SET COLLATION_CONNECTION=@OLD_COLLATION_CONNECTION */;
